id;title;icon_url;date_earned
1;inquisitively grandiose and;litter;2025-12-05T14:36:55
2;stay upon hence;blah boohoo;2025-12-06T10:38:30
3;coordination woot in;slope;2025-12-06T06:29:07
4;per;outlaw ashamed;2025-12-06T08:57:55
5;and;intently;2025-12-05T14:09:38
6;incidentally excluding;once seemingly;2025-12-06T09:55:24
7;tinderbox where;antagonize drat hm;2025-12-05T11:57:30
8;how;since;2025-12-05T15:24:40
9;violently um quickly;following;2025-12-06T10:59:36
10;writ;failing who slink;2025-12-05T13:20:22
